slug,n,amazon,hulu,crankin,wowow,tsutaya,abema
pirates-of-the-caribbean-dead-men-tell-no-tales-2017,7,1,1,1,1,1,1
terminator-2-judgment-day-1991,8,1,1,1,1,1,1
baby-driver-2017,9,1,1,1,1,1,1
wonder-woman-2017,10,1,1,1,1,1,1
the-lies-she-loved-2018,11,1,1,1,1,1,1
kingsman-the-golden-circle-2017,12,1,1,1,1,1,1
anyone-but-you-2023,20,1,1,1,1,1,1
uzumoreru,82,1,1,1,1,1,1
sute-gataki-hitobito,83,1,1,1,1,1,1
never-been-kissed-1999,84,1,1,1,1,1,1
bread-of-happiness-2012,85,1,1,1,1,1,1
samurai-commando-mission-1549-2005,86,1,1,1,1,1,1
miss-you-already-2015,87,1,1,1,1,1,1
bridget-jones-s-diary-2001,88,1,1,1,1,1,1
lupin-iii-2014,91,1,1,1,1,1,1
keanu-2016,92,1,1,1,1,1,1
the-producers-2005,93,1,1,1,1,1,1
kuhio-taisa-2009,94,1,1,1,1,1,1
the-king-s-speech-2010,95,1,1,1,1,1,1
five-minutes-to-tomorrow-2014,96,1,1,1,1,1,1
her-love-boils-bathwater-2016,99,1,1,1,1,1,1
almost-famous-2000,101,1,1,1,1,1,1
tsubaki-sanjuro,102,1,1,1,1,1,1
love-and-peace-2015,103,1,1,1,1,1,1
meikyu-cafe-2015,105,1,1,1,1,1,1
serafuku-to-kikan-ju-sotsugyo,106,1,1,1,1,1,1
passengers-2008,107,1,1,1,1,1,1
furiko-2012,108,1,1,1,1,1,1
kiyosu-kaigi,109,1,1,1,1,1,1
second-virgin-2011,112,1,1,1,1,1,1
norwegian-wood-2010,113,1,1,1,1,1,1
welcome-to-the-quiet-room-2007,114,1,1,1,1,1,1
midsummer-s-equation-2013,115,1,1,1,1,1,1
yoake-no-machi-de-2011,116,1,1,1,1,1,1
sex-is-no-laughing-matter-2008,117,1,1,1,1,1,1
it-s-on-me-2009,119,1,1,1,1,1,1
ex-machina-2015,120,1,1,1,1,1,1
monsterz-2014,121,1,1,1,1,1,1
constantine-2005,122,1,1,1,1,1,1
kami-no-shita-o-motsu-otoko-hozuki-desurodo-hen,123,1,1,1,1,1,1
i-am-a-hero-hajimari-no-hi,2731,1,1,1,1,1,1
song-to-the-sun-2006,124,1,1,1,1,1,1
rock-of-ages-2012,125,1,1,1,1,1,1
dragon-head-2003,126,1,1,1,1,1,1
mutant-girls-squad-2010,127,1,1,1,1,1,1
sekai-ni-hitotsu-no-pureibukku,129,1,1,1,1,1,1
tengoku-kara-no-yell-2011,131,1,1,1,1,1,1
riri-no-subete,2732,1,1,1,1,1,1
the-terminal-2004,133,1,1,1,1,1,1
kingsman-the-secret-service-2014,134,1,1,1,1,1,1
somebody-2016,136,1,1,1,1,1,1
kick-ass-2010,138,1,1,1,1,1,1
kick-ass-2-2013,139,1,1,1,1,1,1
waruzu-endo-yopparai-ga-sekai-o-sukuu,140,1,1,1,1,1,1
buffalo-66-1998,142,1,1,1,1,1,1
i-am-a-hero-2015,143,1,1,1,1,1,1
ore-monogatari,144,1,1,1,1,1,1
hero-mania-life-2016,145,1,1,1,1,1,1
honnoji-hotel-2017,146,1,1,1,1,1,1
maiko-haaaan-2007,147,1,1,1,1,1,1
gantz-o-2016,148,1,1,1,1,1,1
shingari-risoku-de-gozaru,149,1,1,1,1,1,1
yami-kin-yu-ushijima-kun,150,1,1,1,1,1,1
yami-kin-yu-ushijima-kun-2,151,1,1,1,1,1,1
yami-kin-yu-ushijima-kun-3,152,1,1,1,1,1,1
nobunaga-concerto-2016,153,1,1,1,1,1,1
koi-wa-shi-nai-yori-shi-ta-ho-ga-mashi,154,1,1,1,1,1,1
museum-2016,155,1,1,1,1,1,1
terra-formars-2016,2733,1,1,1,1,1,1
ankoku-joshi-2017,156,1,1,1,1,1,1
shin-godzilla-2016,2734,1,1,1,1,1,1
kinbaku-tsuki-no-akira,157,1,1,1,1,1,1
one-week-friends-2017,2735,1,1,1,1,1,1
japanese-girls-never-die-2016,158,1,1,1,1,1,1
my-tomorrow-your-yesterday-2016,2736,1,1,1,1,1,1
drone-wars-2016,162,1,1,1,1,1,1
cinderella-game,163,1,1,1,1,1,1
the-internship-2013,164,1,1,1,1,1,1
transformers-2007,166,1,1,1,1,1,1
10-nichikan-de-jozu-ni-otoko-o-furu-hoho,167,1,1,1,1,1,1
this-means-war-2012,168,1,1,1,1,1,1
transformers-revenge-of-the-fallen-2009,170,1,1,1,1,1,1
mike-and-dave-need-wedding-dates-2016,171,1,1,1,1,1,1
the-secret-life-of-walter-mitty-2013,172,1,1,1,1,1,1
lola-versus-2012,173,1,1,1,1,1,1
ni-ju-seikatsu,175,1,1,1,1,1,1
marley-and-me-2009,176,1,1,1,1,1,1
kimi-no-na-wa-1953,177,1,1,1,1,1,1
secrets-1933,178,1,1,1,1,1,1
little-voice-1998,179,1,1,1,1,1,1
sex-drive-2008,180,1,1,1,1,1,1
lady-maiko-2014,181,1,1,1,1,1,1
transformers-dark-of-the-moon-2011,182,1,1,1,1,1,1
transformers-age-of-extinction-2014,183,1,1,1,1,1,1
ao-haru-ride-2014,184,1,1,1,1,1,1
survival-family-2017,185,1,1,1,1,1,1
the-intern-2015,186,1,1,1,1,1,1
kabukicho-love-hotel-2014,187,1,1,1,1,1,1
high-kick-angels-2014,188,1,1,1,1,1,1
a-cappella-2016,189,1,1,1,1,1,1
banno-kantei-shi-q-monariza-no-hitomi,190,1,1,1,1,1,1
scoop-2016,191,1,1,1,1,1,1
fireworks-should-we-see-it-from-the-side-or-the-bottom-2017,192,1,1,1,1,1,1
sono-yoru-no-samurai,193,1,1,1,1,1,1
tsuma-ga-koi-shi-ta-natsu,195,1,1,1,1,1,1
something-like-it-1981,196,1,1,1,1,1,1
ryukyu-batorurowaiyaru-ryukyu-karate-sodo-ki,197,1,1,1,1,1,1
20th-century-nostalgia-1997,198,1,1,1,1,1,1
shorinjikempo,199,1,1,1,1,1,1
the-letter-1929,200,1,1,1,1,1,1
baipureiyazu-moshimo-6-nin-no-mei-wakiyaku-ga-shea-hausu-de-kurashi-tara,201,1,1,1,1,1,1
baipureiyazu-moshimo-6-nin-no-mei-wakiyaku-ga-shea-hausu-de-kurashi-tara-2,202,1,1,1,1,1,1
cheer-cheer-cheer-2008,203,1,1,1,1,1,1
the-snow-white-murder-case-2014,204,1,1,1,1,1,1
byplayers-1,205,1,1,1,1,1,1
byplayers-2,206,1,1,1,1,1,1
les-saveurs-du-palais-2012,207,1,1,1,1,1,1
tokyo-playboy-club-2012,208,1,1,1,1,1,1
house-of-himiko-2005,2749,1,1,1,1,1,1
byplayers-3,209,1,1,1,1,1,1
burlesque-2010,211,1,1,1,1,1,1
byplayers-5,212,1,1,1,1,1,1
hairspray-2007,214,1,1,1,1,1,1
the-world-of-kanako-2014,218,1,1,1,1,1,1
something-like-something-like-it-2016,219,1,1,1,1,1,1
dogs-way-2014,220,1,1,1,1,1,1
stuck-in-love-2012,221,1,1,1,1,1,1
byplayers-6,223,1,1,1,1,1,1
spy-2015,230,1,1,1,1,1,1
the-maze-runner-2014,233,1,1,1,1,1,1
kimi-no-suizo-o-tabe-tai,236,1,1,1,1,1,1
kindan-no-joshi-keimusho,237,1,1,1,1,1,1
sukima-suki-2017,238,1,1,1,1,1,1
maze-runner-the-scorch-trials-2015,239,1,1,1,1,1,1
byplayers-7,245,1,1,1,1,1,1
super-8-2011,247,1,1,1,1,1,1
kichijoji-dake-ga-sumi-tai-machi-desu-ka,248,1,1,1,1,1,1
kichijoji-dake-ga-sumi-tai-machi-desu-ka-2,249,1,1,1,1,1,1
kichijoji-dake-ga-sumi-tai-machi-desu-ka-3,250,1,1,1,1,1,1
tsukushi-no-ero-ii-hanashi,251,1,1,1,1,1,1
ghost-in-the-shell-2017,252,1,1,1,1,1,1
xxx-return-of-xander-cage-2017,253,1,1,1,1,1,1
the-saint-1997,254,1,1,1,1,1,1
a-good-day-to-die-hard-2013,255,1,1,1,1,1,1
otoko-no-issho-2014,256,1,1,1,1,1,1
wilson-2017,258,1,1,1,1,1,1
kuchibiru-ni-uta-o-2015,259,1,1,1,1,1,1
the-100th-love-with-you-2017,260,1,1,1,1,1,1
transformers-the-last-knight-2017,261,1,1,1,1,1,1
oblivion-2013,262,1,1,1,1,1,1
after-the-rain-2018,272,1,1,1,1,1,1
after-the-rain-2018-2,275,1,1,1,1,1,1
lost-paradise-1997,276,1,1,1,1,1,1
teiichi-no-kuni-2017,277,1,1,1,1,1,1
sun-do-me-new,278,1,1,1,1,1,1
tokyo-nammin,279,1,1,1,1,1,1
deadpool-2016,281,1,1,1,1,1,1
zen-in-kataomoi,282,1,1,1,1,1,1
kanojo-wa-uso-o-aishi-sugi-teru,284,1,1,1,1,1,1
shibuya,285,1,1,1,1,1,1
8000-miles-2009,286,1,1,1,1,1,1
romance-2015,290,1,1,1,1,1,1
jigyaku-no-uta-2007,292,1,1,1,1,1,1
the-catch-man-2006,293,1,1,1,1,1,1
don-juu,294,1,1,1,1,1,1
cyborg-she-2008,295,1,1,1,1,1,1
dreams-for-sale-2012,296,1,1,1,1,1,1
akai-ito-2008,299,1,1,1,1,1,1
american-made-2017,300,1,1,1,1,1,1
dodgeball-a-true-underdog-story-2004,301,1,1,1,1,1,1
edge-of-tomorrow-2014,302,1,1,1,1,1,1
whiplash-2014,303,1,1,1,1,1,1
koizora-2007,305,1,1,1,1,1,1
slumdog-millionaire-2008,306,1,1,1,1,1,1
toki-o-kakeru-shojo,307,1,1,1,1,1,1
baipureiyazu-moshimo-mei-wakiyaku-ga-tere-higashi-asadora-de-mujinto-seikatsu-shi-tara,310,1,1,1,1,1,1
oke-rojin,313,1,1,1,1,1,1
american-beauty-1999,317,1,1,1,1,1,1
shingeki-no-kyojin-attack-on-titan,321,1,1,1,1,1,1
bokyaku-no-sachiko,322,1,1,1,1,1,1
recipes-of-diet-diaries-2013,323,1,1,1,1,1,1
fish-story-2009,324,1,1,1,1,1,1
yon-nichikan-no-kiseki,328,1,1,1,1,1,1
shinjuku-swan-2015,331,1,1,1,1,1,1
hirunaka-no-ryusei-2017,332,1,1,1,1,1,1
the-spy-next-door-2010,334,1,1,1,1,1,1
take-gaku,2738,1,1,1,1,1,1
judge-2014,347,1,1,1,1,1,1
climbing-to-spring-2014-2,348,1,1,1,1,1,1
welcome-back-mr-mcdonald-1997,349,1,1,1,1,1,1
halfway-2009,353,1,1,1,1,1,1
hentai-kamen-abnormal-crisis-2016,355,1,1,1,1,1,1
short-cut-2001,356,1,1,1,1,1,1
lesson-of-the-evil-2012,357,1,1,1,1,1,1
tokyo-tribe-2014,359,1,1,1,1,1,1
let-s-go-jets-2017,360,1,1,1,1,1,1
sekai-kara-neko-ga-kietanara-2016,361,1,1,1,1,1,1
good-morning-show-2016,362,1,1,1,1,1,1
ayame-kun-no-nombiri-nikushoku-nisshi,363,1,1,1,1,1,1
where-to-invade-next-2016,365,1,1,1,1,1,1
meru-2015,373,1,1,1,1,1,1
hozuki-san-ka-no-aneki,374,1,1,1,1,1,1
ninja-kari,375,1,1,1,1,1,1
boys-on-the-run-2010,376,1,1,1,1,1,1
neet-election,377,1,1,1,1,1,1
sakurada-mongai-no-hen,379,1,1,1,1,1,1
silent-night-2012,390,1,1,1,1,1,1
goodmornin-everyone-2012,395,1,1,1,1,1,1
tokyo-ghoul-2017,400,1,1,1,1,1,1
warau-manekineko,401,1,1,1,1,1,1
interstellar-2014,403,1,1,1,1,1,1
evangelion-2-0-you-can-not-advance-2009,404,1,1,1,1,1,1
uchu-senso,405,1,1,1,1,1,1
guess-who-2005,407,1,1,1,1,1,1
za-mami-norowa-re-ta-sabaku-no-ojo,408,1,1,1,1,1,1
bangkok-revenge-2012,410,1,1,1,1,1,1
yumemiru-machi-no-surechigau-kiseki,411,1,1,1,1,1,1
when-the-last-sword-is-drawn-2003,412,1,1,1,1,1,1
tomb-raider-2018,413,1,1,1,1,1,1
grudge-match-2013,415,1,1,1,1,1,1
creed-2015,416,1,1,1,1,1,1
nigakute-amai-2016,419,1,1,1,1,1,1
starbuck-2011,421,1,1,1,1,1,1
desierto-2015,423,1,1,1,1,1,1
bakuman-2015,424,1,1,1,1,1,1
kamisama-no-iu-tori,431,1,1,1,1,1,1
the-mountain-between-us-2017,433,1,1,1,1,1,1
tengoku-no-supu,438,1,1,1,1,1,1
hard-romantic-er-2011,440,1,1,1,1,1,1
lovecraft-girl,441,1,1,1,1,1,1
terror-of-house,442,1,1,1,1,1,1
inu-ga-shima,443,1,1,1,1,1,1
slapstick-brothers-2011,444,1,1,1,1,1,1
where-i-belong-2016,446,1,1,1,1,1,1
miracle-apples-2013,477,1,1,1,1,1,1
chinese-zodiac-2012,482,1,1,1,1,1,1
be-bop-highschool-1994,486,1,1,1,1,1,1
tori-girl-2017,487,1,1,1,1,1,1
say-hello-for-me-2007,488,1,1,1,1,1,1
piece-of-cake-2015,493,1,1,1,1,1,1
onna-kudoki-meshi,494,1,1,1,1,1,1
rough-2006,496,1,1,1,1,1,1
50-first-dates-2004,499,1,1,1,1,1,1
tornado-girl-2017,500,1,1,1,1,1,1
every-day-2016,516,1,1,1,1,1,1
happy-flight-2008,519,1,1,1,1,1,1
hercules-2014,521,1,1,1,1,1,1
the-two-faces-of-january-2014,522,1,1,1,1,1,1
uranya-2006,523,1,1,1,1,1,1
a-star-is-born-2018,526,1,1,1,1,1,1
same-kind-of-different-as-me-2017,539,1,1,1,1,1,1
a-arano-kohen,543,1,1,1,1,1,1
i-have-to-buy-new-shoes-2012,545,1,1,1,1,1,1
kori-hate,546,1,1,1,1,1,1
wara-no-tate,548,1,1,1,1,1,1
kabocha-to-mayoezu-2017,551,1,1,1,1,1,1
the-book-peddler-2016,554,1,1,1,1,1,1
inuyashiki-2018,556,1,1,1,1,1,1
the-bastard-and-the-beautiful-world-2018,557,1,1,1,1,1,1
dragon-blade-2015,558,1,1,1,1,1,1
saki-saki,560,1,1,1,1,1,1
mad-max-fury-road-2015,563,1,1,1,1,1,1
otakus-in-love-2004,564,1,1,1,1,1,1
knight-and-day-2010,569,1,1,1,1,1,1
the-woodsman-and-the-rain-2011,571,1,1,1,1,1,1
chichi-o-bijinesu-ni-shi-ta-otoko,576,1,1,1,1,1,1
hentai-da,579,1,1,1,1,1,1
skyscraper-2018,581,1,1,1,1,1,1
pixels-2015,583,1,1,1,1,1,1
sabotage-2014,587,1,1,1,1,1,1
fu-kanzen-ningen,588,1,1,1,1,1,1
the-apology-king-2013,589,1,1,1,1,1,1
saiko-no-jinsei-no-mitsuke-kata,590,1,1,1,1,1,1
last-vegas-2013,591,1,1,1,1,1,1
riaru-onigokko-2015-gekijo-ban,592,1,1,1,1,1,1
slit-mouthed-woman-returns,598,1,1,1,1,1,1
mamma-mia-here-we-go-again-2018,605,1,1,1,1,1,1
5-centimeters-per-second-2007,607,1,1,1,1,1,1
the-great-passage-2013,608,1,1,1,1,1,1
kaminari-sakura,611,1,1,1,1,1,1
the-garden-of-words-2013,615,1,1,1,1,1,1
leon-2018,616,1,1,1,1,1,1
the-place-promised-in-our-early-days-2004,617,1,1,1,1,1,1
children-who-chase-lost-voices-2011,618,1,1,1,1,1,1
journey-of-a-dying-wife-2011,625,1,1,1,1,1,1
kore-de-ii-no-da-eiga-akatsuka-fujio,626,1,1,1,1,1,1
karate-girl-2011,630,1,1,1,1,1,1
brave-storm-2017,631,1,1,1,1,1,1
danger-dolls-2014,632,1,1,1,1,1,1
doki,633,1,1,1,1,1,1
kamome-shokudo-2006,635,1,1,1,1,1,1
strobe-edge-2015,638,1,1,1,1,1,1
too-young-to-die-wakakushite-shinu,641,1,1,1,1,1,1
honoo-en-no-shobo-tai,642,1,1,1,1,1,1
kotatsu-to-mikan-to-nya,651,1,1,1,1,1,1
love-s-whirlpool-2014,655,1,1,1,1,1,1
sanada-10-braves-2016,656,1,1,1,1,1,1
okami-shojo-to-kuro-oji,657,1,1,1,1,1,1
minami-no-shima-no-daitoryo-shizumi-yuku-morudibu,661,1,1,1,1,1,1
hi-i-mokuyoku,662,1,1,1,1,1,1
dake-ten-no-ki,663,1,1,1,1,1,1
tsuma-no-hi-mitsu-yu-kure-te-nao,665,1,1,1,1,1,1
kids-on-the-slope-2018,678,1,1,1,1,1,1
kiseki-2017,687,1,1,1,1,1,1
akb-love-night-koi-kojo,702,1,1,1,1,1,1
akb-love-night-koi-kojo-2,704,1,1,1,1,1,1
space-out-girl,707,1,1,1,1,1,1
sun-do-me,712,1,1,1,1,1,1
ramen-samurai-2011,713,1,1,1,1,1,1
shunkan-shojo,718,1,1,1,1,1,1
kamera-o-tomeru-na,720,1,1,1,1,1,1
birds-without-names-2017,721,1,1,1,1,1,1
shimmai-shimai-no-futari-gohan,722,1,1,1,1,1,1
ramen-kui-te,727,1,1,1,1,1,1
misumisou-2018,744,1,1,1,1,1,1
after-the-rain-2018-3,746,1,1,1,1,1,1
14sai-no-harawata,747,1,1,1,1,1,1
akb-love-night-koi-kojo-3,757,1,1,1,1,1,1
love-dog-2017,765,1,1,1,1,1,1
parks-2017,774,1,1,1,1,1,1
shimmai-shimai-no-futari-gohan-2,777,1,1,1,1,1,1
shimmai-shimai-no-futari-gohan-3,787,1,1,1,1,1,1
yurigokoro-2017,800,1,1,1,1,1,1
itsumo-tsukiyo-ni-bei-no-meshi,802,1,1,1,1,1,1
a-forest-of-wool-and-steel-2018,815,1,1,1,1,1,1
usohappyaku,828,1,1,1,1,1,1
koisuru-napori-tan-sekai-de-ichiban-oishii-aisa-re-kata,832,1,1,1,1,1,1
laid-back-camp,833,1,1,1,1,1,1
laid-back-camp-2,834,1,1,1,1,1,1
laid-back-camp-3,835,1,1,1,1,1,1
neko-samurai-minami-no-shima-e-iku,836,1,1,1,1,1,1
the-cat-in-their-arms-2018,841,1,1,1,1,1,1
chocoletta-2015,842,1,1,1,1,1,1
blank-13-2017,849,1,1,1,1,1,1
hi-ten-no-shiro,852,1,1,1,1,1,1
sekai-de-ichiban-nagai-shashin,854,1,1,1,1,1,1
love-and-other-cults-2017,863,1,1,1,1,1,1
koisuru-shefu-no-saikyo-reshipi,864,1,1,1,1,1,1
phone-of-the-dead-2019,876,1,1,1,1,1,1
oboreru-knife-2016,884,1,1,1,1,1,1
pandemic-2009,888,1,1,1,1,1,1
you-are-you-by-you-2018,891,1,1,1,1,1,1
shazam-2019,895,1,1,1,1,1,1
majan-horo-ki-2020,896,1,1,1,1,1,1
homme-less-2015,909,1,1,1,1,1,1
contagion-2011,910,1,1,1,1,1,1
pandemic-2016,911,1,1,1,1,1,1
the-naked-director-2019,924,1,1,1,1,1,1
sekigahara-2017,928,1,1,1,1,1,1
million-dollar-man-2018,934,1,1,1,1,1,1
kung-fu-yoga-2017,935,1,1,1,1,1,1
kickboxer-1989,936,1,1,1,1,1,1
to-shimae-n,937,1,1,1,1,1,1
the-circle-2017,940,1,1,1,1,1,1
world-war-z-2013,942,1,1,1,1,1,1
iki-teru-dake-de-ai,948,1,1,1,1,1,1
namiya-zakka-ten-no-kiseki,951,1,1,1,1,1,1
barbecue-2017,971,1,1,1,1,1,1
the-confidence-man-jp-the-movie-2019,979,1,1,1,1,1,1
jumper-2008,981,1,1,1,1,1,1
rocketman-2019,982,1,1,1,1,1,1
jersey-boys-2014,1001,1,1,1,1,1,1
the-founder-2017,1003,1,1,1,1,1,1
za-shefu-sho-dakara-ryori-wa-tanoshii,1007,1,1,1,1,1,1
asako-i-and-ii-2018,1010,1,1,1,1,1,1
romance-doll-2020,1018,1,1,1,1,1,1
kirakira-megane-2018,1022,1,1,1,1,1,1
burlesque-2010-2,1024,1,1,1,1,1,1
little-forest-winter-spring-2015,1025,1,1,1,1,1,1
kimi-wa-tsukiyo-ni-hikarikagayaku,1026,1,1,1,1,1,1
colors-of-wind-2018,1027,1,1,1,1,1,1
honey-and-clover-2006,1028,1,1,1,1,1,1
fat-buddies-2018,1030,1,1,1,1,1,1
gekijo,1039,1,1,1,1,1,1
the-pursuit-of-happyness-2006,1041,1,1,1,1,1,1
wasure-rare-nai-ano-natsu,1056,1,1,1,1,1,1
hatsukoi,1060,1,1,1,1,1,1
judo-girls,1069,1,1,1,1,1,1
ramen-heads-2017,1070,1,1,1,1,1,1
cats-2019,1071,1,1,1,1,1,1
sorairo-monogatari,1072,1,1,1,1,1,1
suicide-club-2002,1074,1,1,1,1,1,1
little-love-song-2019,1100,1,1,1,1,1,1
aku-no-hana,1120,1,1,1,1,1,1
sunny-32-2018,1122,1,1,1,1,1,1
gekijo-ban-kabane-shu-goku-okoshi-no-hen,1126,1,1,1,1,1,1
kaizoku-to-yoba-re-ta-otoko,1128,1,1,1,1,1,1
a-christmas-carol-1938,1130,1,1,1,1,1,1
ikigami-2008,1139,1,1,1,1,1,1
the-neighbor-no-thirteen-2005,1142,1,1,1,1,1,1
otaku-ni-koi-wa-muzukashii,1144,1,1,1,1,1,1
sway-2006,1146,1,1,1,1,1,1
wet-woman-in-the-wind-2016,1147,1,1,1,1,1,1
mane-shoto-karei-naru-dai-gyakuten,1149,1,1,1,1,1,1
arimura-ka-jun-no-to-kyu,1152,1,1,1,1,1,1
sa-do,1156,1,1,1,1,1,1
sa-do-2,1157,1,1,1,1,1,1
sa-do-3,1159,1,1,1,1,1,1
good-morning-call,1167,1,1,1,1,1,1
hold-me-back-2020,1176,1,1,1,1,1,1
bokura-no-showtime,1177,1,1,1,1,1,1
houundefined-tsu,1178,1,1,1,1,1,1
hikkoshi-daimyo,1184,1,1,1,1,1,1
gs-wonderland-2008,1185,1,1,1,1,1,1
cube-1997,1189,1,1,1,1,1,1
laid-back-camp-4,1190,1,1,1,1,1,1
parallel-world-love-story-2019,1196,1,1,1,1,1,1
goodbye-debussy-2013,1200,1,1,1,1,1,1
satsujin-oni-o-kau-onna,1204,1,1,1,1,1,1
4-tsuki-no-kimi-supika,1207,1,1,1,1,1,1
ozu-rando-egao-no-maho-oshie-masu,1209,1,1,1,1,1,1
bento-harassment-2019,1220,1,1,1,1,1,1
the-age-of-adaline-2015,1233,1,1,1,1,1,1
ready-player-one-2018,1234,1,1,1,1,1,1
liar-uncover-the-truth-2019,1237,1,1,1,1,1,1
kimi-no-hitomi-ga-toikake-te-iru,1245,1,1,1,1,1,1
living-in-the-sky-2020,1249,1,1,1,1,1,1
chia-danshi,1251,1,1,1,1,1,1
ai-uta-yakusoku-no-nakuhito,1253,1,1,1,1,1,1
ano-koro-kimi-o-oikake-ta,1255,1,1,1,1,1,1
just-only-love-2019,1256,1,1,1,1,1,1
wings-over-everest-2019,1257,1,1,1,1,1,1
ai-amok-2020,1258,1,1,1,1,1,1
ogawa-dorama-oda-nobunaga,1260,1,1,1,1,1,1
nippon-chimbotsu-2020,1261,1,1,1,1,1,1
nippon-chimbotsu-2020-2,1262,1,1,1,1,1,1
nippon-chimbotsu-2020-3,1264,1,1,1,1,1,1
nippon-chimbotsu-2020-4,1267,1,1,1,1,1,1
nippon-chimbotsu-2020-5,1269,1,1,1,1,1,1
nippon-chimbotsu-2020-6,1270,1,1,1,1,1,1
nozomi,1271,1,1,1,1,1,1
milk-white-2004,1272,1,1,1,1,1,1
stolen-identity-2-2018,1274,1,1,1,1,1,1
midnight-sun-2018,1275,1,1,1,1,1,1
aquaman-2018,1281,1,1,1,1,1,1
kabaddi-kabaddi,1283,1,1,1,1,1,1
ogawacho-serenade-2014,1284,1,1,1,1,1,1
police-story-lockdown-2013,1287,1,1,1,1,1,1
japan-s-longest-day-1967,1291,1,1,1,1,1,1
say-i-love-you-2014,1292,1,1,1,1,1,1
joze-to-tora-to-sakana-tachi,1294,1,1,1,1,1,1
green-book-2018,1295,1,1,1,1,1,1
nippon-chimbotsu,1300,1,1,1,1,1,1
the-iron-lady-2011,1301,1,1,1,1,1,1
my-girlfriend-is-a-serial-killer-2019,1303,1,1,1,1,1,1
shijin-so-no-satsujin-2019,1307,1,1,1,1,1,1
sumika-sumire-2017,1317,1,1,1,1,1,1
startup-girls-2019,1330,1,1,1,1,1,1
ninkyo-gakuen,1331,1,1,1,1,1,1
switch-2017,1336,1,1,1,1,1,1
the-lunchbox-2013,1337,1,1,1,1,1,1
iro-soku-ze-ne-reisho-n,1340,1,1,1,1,1,1
the-master-plan-2021,1351,1,1,1,1,1,1
sangokushi-ki-haba-no-ran,1352,1,1,1,1,1,1
the-brightest-roof-in-the-universe-2020,1354,1,1,1,1,1,1
day-and-night-2019,1369,1,1,1,1,1,1
ao-no-kaerimichi,1373,1,1,1,1,1,1
kaiji-final-game-2020,1375,1,1,1,1,1,1
one-night-2019,1377,1,1,1,1,1,1
rentaru-nan-mo-shi-nai-hito,1378,1,1,1,1,1,1
jumanji-welcome-to-the-jungle-2017,1402,1,1,1,1,1,1
jumanji-the-next-level-2019,1403,1,1,1,1,1,1
seventh-code-2013,1405,1,1,1,1,1,1
rampeiji-juu-dai-ranto,1406,1,1,1,1,1,1
coming-2-america-2021,1409,1,1,1,1,1,1
eine-kleine-nachtmusik-2019,1411,1,1,1,1,1,1
hatsukoi-loss-time-2019,1412,1,1,1,1,1,1
mumon-the-land-of-stealth-2017,1414,1,1,1,1,1,1
2-fast-2-furious-2003,1418,1,1,1,1,1,1
the-fast-and-the-furious-tokyo-drift-2006,1419,1,1,1,1,1,1
fast-and-furious-2009,1420,1,1,1,1,1,1
fast-five-2011,1421,1,1,1,1,1,1
fast-and-furious-6-2013,1422,1,1,1,1,1,1
furious-7-2015,1423,1,1,1,1,1,1
the-fate-of-the-furious-2017,1424,1,1,1,1,1,1
hobbs-and-shaw-2019,1425,1,1,1,1,1,1
yoku-do,1426,1,1,1,1,1,1
silent-tokyo-2020,1428,1,1,1,1,1,1
tekken-tekken,1429,1,1,1,1,1,1
yayoi-sangatsu-kimi-o-aishi-ta-30-nen,2787,1,1,1,1,1,1
my-blood-and-bones-in-a-flowing-galaxy-2020,1430,1,1,1,1,1,1
hatsukoi-2,1431,1,1,1,1,1,1
fancy-2020,1432,1,1,1,1,1,1
sex-and-the-ote,1434,1,1,1,1,1,1
the-journalist-2019,1435,1,1,1,1,1,1
yokubo-no-kaibutsu,1442,1,1,1,1,1,1
shiki-jitsu-2000,1443,1,1,1,1,1,1
fortuna-s-eye-2019,1444,1,1,1,1,1,1
phone-call-to-the-bar-2011,1447,1,1,1,1,1,1
kakegurui-roulette-2021,1462,1,1,1,1,1,1
the-transporter-2003,1464,1,1,1,1,1,1
transporter-3-2008,1466,1,1,1,1,1,1
the-transporter-refueled-2015,1467,1,1,1,1,1,1
parker-2013,1469,1,1,1,1,1,1
homefront-2013,1474,1,1,1,1,1,1
snitch-2013,1475,1,1,1,1,1,1
yowamushi-pedal-2020,1478,1,1,1,1,1,1
into-the-blue-2005,1479,1,1,1,1,1,1
the-equalizer-2014,1480,1,1,1,1,1,1
the-expendables-2-2012,1488,1,1,1,1,1,1
furious-7-2015-2,1489,1,1,1,1,1,1
cellular-2004,1498,1,1,1,1,1,1
crank-2006,1499,1,1,1,1,1,1
death-race-2008,1519,1,1,1,1,1,1
boyka-undisputed-2017,1520,1,1,1,1,1,1
kioku-ya-anata-o-wasure-nai,1521,1,1,1,1,1,1
dance-with-me-2019,1522,1,1,1,1,1,1
redemption-2013,1523,1,1,1,1,1,1
miyamoto-kara-kimi-e,1524,1,1,1,1,1,1
left-behind-2014,1526,1,1,1,1,1,1
nippon-chimbotsu-2,1539,1,1,1,1,1,1
revenge-girl-2017,1544,1,1,1,1,1,1
blue-2001,1547,1,1,1,1,1,1
linking-love-2017,1549,1,1,1,1,1,1
bloodshot-2020,1552,1,1,1,1,1,1
grand-blue-2020,1553,1,1,1,1,1,1
yoake,1554,1,1,1,1,1,1
red-notice-2021,1555,1,1,1,1,1,1
hot-gimmick-girl-meets-boy-2019,1558,1,1,1,1,1,1
natsu-no-yozora-to-aki-no-yuhi-to-fuyu-no-asa-to-natsu-no-kaze,1559,1,1,1,1,1,1
why-don-t-you-play-in-hell-2013,1560,1,1,1,1,1,1
silent-rain-2020,1573,1,1,1,1,1,1
kanojo-wa-kirei-datsu-ta,1581,1,1,1,1,1,1
wrath-of-man-2021,1592,1,1,1,1,1,1
clover-2014,1593,1,1,1,1,1,1
tonkatsu-dj-agetaro-2020,1595,1,1,1,1,1,1
everest-the-summit-of-the-gods-2016,1596,1,1,1,1,1,1
the-last-witch-hunter-2015,1599,1,1,1,1,1,1
city-hunter-shinjuku-private-eyes-2019,1600,1,1,1,1,1,1
hana-yori-danshi-fainaru,1605,1,1,1,1,1,1
jam-films-s-2008,1606,1,1,1,1,1,1
jam-films,1607,1,1,1,1,1,1
rambo-last-blood-2019,1608,1,1,1,1,1,1
we-couldn-t-become-adults-2021,1635,1,1,1,1,1,1
drama-queen-full-chorus,1636,1,1,1,1,1,1
eating-women-2018,1639,1,1,1,1,1,1
guilty-of-romance-2011,1640,1,1,1,1,1,1
the-crimes-that-bind-2018,1641,1,1,1,1,1,1
kyuso-wa-chizu-no-yume-o-miru,1642,1,1,1,1,1,1
haiyu-kameoka-takuji,1643,1,1,1,1,1,1
makuko-2019,1645,1,1,1,1,1,1
think-again-junpei-2018,1647,1,1,1,1,1,1
kuro-tai,1648,1,1,1,1,1,1
i-never-shot-anyone-2020,1649,1,1,1,1,1,1
omoi-omowa-re-furi-fura-re,1650,1,1,1,1,1,1
tokyo-zombie-2005,1655,1,1,1,1,1,1
heart-beats-2021,1659,1,1,1,1,1,1
homestay-2022,1660,1,1,1,1,1,1
blinded-by-the-light-2019,1661,1,1,1,1,1,1
san-kaku-mado-no-sotogawa-wa-yoru,1662,1,1,1,1,1,1
room-laundering-2018,1665,1,1,1,1,1,1
musuko-no-mama-de-joshi-ni-naru,1667,1,1,1,1,1,1
yuhi-no-ato,1668,1,1,1,1,1,1
upgrade-2018,1682,1,1,1,1,1,1
the-tender-bar-2021,1683,1,1,1,1,1,1
rock-n-roll-strip-2014,1684,1,1,1,1,1,1
food-luck-2020,1685,1,1,1,1,1,1
naniwa-no-noa,1688,1,1,1,1,1,1
barbara-2020,1689,1,1,1,1,1,1
eizo-ken-ni-wa-te-o-dasu-na,1690,1,1,1,1,1,1
neko-atsume-no-ie-2017,1692,1,1,1,1,1,1
subete-wa-umi-ni-naru,1693,1,1,1,1,1,1
kyokai-shi,1702,1,1,1,1,1,1
akegata-no-wakamono-tachi,1703,1,1,1,1,1,1
jerry-maguire-1996,1704,1,1,1,1,1,1
10-man-bunno-1,1706,1,1,1,1,1,1
aozora-yell-2016,1710,1,1,1,1,1,1
sakura-no-yo-na-boku-no-koibito,1711,1,1,1,1,1,1
gama-no-abura,1716,1,1,1,1,1,1
mayonaka-no-otome-senso,1719,1,1,1,1,1,1
ore-ore-2013,1723,1,1,1,1,1,1
crying-100-times-every-raindrop-falls-2013,1726,1,1,1,1,1,1
kanojo-ga-suki-na-mono-wa,1728,1,1,1,1,1,1
any-crybabies-around-2020,1729,1,1,1,1,1,1
to-be-killed-by-a-high-school-girl-2022,1730,1,1,1,1,1,1
mio-on-the-shore-2019,1732,1,1,1,1,1,1
mi-o-tsukushi-ryori-jo,1733,1,1,1,1,1,1
higurashi-no-ki,1734,1,1,1,1,1,1
x-cross-2007,1735,1,1,1,1,1,1
under-the-stars-2020,1736,1,1,1,1,1,1
gurinrando-chikyu-saigo-no-2-nichikan,1754,1,1,1,1,1,1
natsu-e-no-tobira-kimi-no-iru-mirai-e,1763,1,1,1,1,1,1
kage-fumi,1764,1,1,1,1,1,1
ashita-no-shokutaku,1765,1,1,1,1,1,1
the-vancouver-asahi-2014,1767,1,1,1,1,1,1
tombi,1769,1,1,1,1,1,1
aishu-cinderella-2021,1772,1,1,1,1,1,1
character-2021,1777,1,1,1,1,1,1
honey-2018,1778,1,1,1,1,1,1
bokutachi-to-chuzai-san-no-700-nichi-senso-2008,1779,1,1,1,1,1,1
life-2017,1794,1,1,1,1,1,1
sayonara-itsuka-2010,1797,1,1,1,1,1,1
all-my-life-2020,1798,1,1,1,1,1,1
noraneko-to-papa-katsu,1803,1,1,1,1,1,1
swing-kids-2018,1806,1,1,1,1,1,1
junihitoe-koromo-o-ki-ta-akuma,1820,1,1,1,1,1,1
space-battleship-yamato-2010,1831,1,1,1,1,1,1
poetry-angel-2017,1835,1,1,1,1,1,1
boko-shinya-bus,1836,1,1,1,1,1,1
climbing-to-spring-2014,1849,1,1,1,1,1,1
peak-the-rescuers-2011,1850,1,1,1,1,1,1
yakusoku-no-jikan,1870,1,1,1,1,1,1
hunting-emma,1880,1,1,1,1,1,1
we-made-a-beautiful-bouquet-2021,1917,1,1,1,1,1,1
railways-2010,1918,1,1,1,1,1,1
sword-art-online,1921,1,1,1,1,1,1
sword-art-online-2,1935,1,1,1,1,1,1
sword-art-online-3,1945,1,1,1,1,1,1
arc-2021,2000,1,1,1,1,1,1
i-give-my-first-love-to-you-2009,2036,1,1,1,1,1,1
the-family-man-2000,2040,1,1,1,1,1,1
a-jazzman-s-blues,2043,1,1,1,1,1,1
rogo-no-shikin-ga-ari-mase-n,2048,1,1,1,1,1,1
the-tokyo-night-sky-is-always-the-densest-shade-of-blue-2017,2050,1,1,1,1,1,1
ora-ora-de-hitori-i-gumo,2053,1,1,1,1,1,1
my-broken-mariko-2022,2054,1,1,1,1,1,1
luck-key-2016,2055,1,1,1,1,1,1
yoru-no-joo,2056,1,1,1,1,1,1
shitamachi-ninkyo-den-taka,2061,1,1,1,1,1,1
boys-please-kiss-him-instead-of-me-2020,2062,1,1,1,1,1,1
cube-2021,2064,1,1,1,1,1,1
independence-of-japan-2020,2078,1,1,1,1,1,1
everything-will-be-owlright-2022,2081,1,1,1,1,1,1
a-madder-red-2021,2083,1,1,1,1,1,1
puratina-deta-2013,2084,1,1,1,1,1,1
mujihi-na-hikari,2085,1,1,1,1,1,1
like-grains-of-sand-1995,2086,1,1,1,1,1,1
kami-wa-mikaeri-o-motomeru,2089,1,1,1,1,1,1
saidoweizu-2009,2094,1,1,1,1,1,1
subete-ga-kawatta-hi,2123,1,1,1,1,1,1
my-daddy-2021,2127,1,1,1,1,1,1
midnight-swan-2020,2128,1,1,1,1,1,1
the-last-tycoon-2012,2132,1,1,1,1,1,1
happy-mail-2018,2134,1,1,1,1,1,1
in-love-and-deep-water-2023,2145,1,1,1,1,1,1
shazamu-kami-no-ikari,2147,1,1,1,1,1,1
kisaragi-station-2022,2148,1,1,1,1,1,1
keiko-me-o-suma-se-te,2149,1,1,1,1,1,1
night-birds-scream-2022,2150,1,1,1,1,1,1
village-2023,2153,1,1,1,1,1,1
sabakan-2022,2154,1,1,1,1,1,1
sword-art-online-the-movie-ordinal-scale-2017,2155,1,1,1,1,1,1
the-sunday-runoff-2022,2156,1,1,1,1,1,1
mentai-piriri,2158,1,1,1,1,1,1
see-hear-love-2023,2160,1,1,1,1,1,1
keep-on-keepin-on-2014,2161,1,1,1,1,1,1
obihiro-gasutoronomi-obihiro-shi-kaitaku-140-nen-shisei-shiko-90-nen-kinen-chohen-sakuhin,2162,1,1,1,1,1,1
sangokushi-seki-hane-seiryu-engetsuto-saigo-no-issen,2163,1,1,1,1,1,1
hanzawa-naomi,2164,1,1,1,1,1,1
yugata-no-o-tomodachi,2165,1,1,1,1,1,1
watashi-wa-ittai-nani-to-tatakatte-iru-no-ka,2172,1,1,1,1,1,1
american-utopia-2020,2176,1,1,1,1,1,1
motto-choetsu-shi-ta-tokoro-e,2178,1,1,1,1,1,1
love-is-light-2022,2179,1,1,1,1,1,1
cola-wars-coke-vs-pepsi,2180,1,1,1,1,1,1
renren-mame-hana,2185,1,1,1,1,1,1
black-adam-2022,2197,1,1,1,1,1,1
once-upon-a-time-in-hollywood-2019,2198,1,1,1,1,1,1
bad-lands-2023,2199,1,1,1,1,1,1
a-pool-without-water-1982,2200,1,1,1,1,1,1
hebi-no-hito,2201,1,1,1,1,1,1
ab-normal-desire-2023,2202,1,1,1,1,1,1
out-2023,2203,1,1,1,1,1,1
one-second-ahead-one-second-behind-2023,2204,1,1,1,1,1,1
mizu-wa-umi-ni-mukatte-nagareru,2205,1,1,1,1,1,1
my-brother-the-alien-2023,2206,1,1,1,1,1,1
watashi-wa-kai-ni-nari-tai,2216,1,1,1,1,1,1
ghost-theater-2015,2217,1,1,1,1,1,1
life-of-mariko-in-kabukicho-2023,2219,1,1,1,1,1,1
the-grapes-of-joy-2021,2222,1,1,1,1,1,1
kon-ya-sekai-kara-kono-koi-ga-kie-te-mo,2224,1,1,1,1,1,1
sen-wa-boku-o-egaku-2022,2225,1,1,1,1,1,1
forbidden-games-1952,2227,1,1,1,1,1,1
candy-cane-lane-2023,2228,1,1,1,1,1,1
believers-2022,2229,1,1,1,1,1,1
ad-astra-2019,2231,1,1,1,1,1,1
ruined-2021,2232,1,1,1,1,1,1
truth-kashimashiki-tomurai-no-hate,2233,1,1,1,1,1,1
convenience-story,2245,1,1,1,1,1,1
love-nonetheless-2022,2246,1,1,1,1,1,1
gachiboshi-2018,2247,1,1,1,1,1,1
and-so-i-m-at-a-loss-2023,2248,1,1,1,1,1,1
winny-2023,2249,1,1,1,1,1,1
mimi-o-sumase-ba,2252,1,1,1,1,1,1
kokan-uso-nikki,2276,1,1,1,1,1,1
to-me-the-one-who-loved-you-2022,2278,1,1,1,1,1,1
a-spoiling-rain-2023,2291,1,1,1,1,1,1
tsuki-no-michikake,2303,1,1,1,1,1,1
hokago-angler-life,2308,1,1,1,1,1,1
kubi-2023,2313,1,1,1,1,1,1
whitney-houston-i-wanna-dance-with-somebody-2022,2317,1,1,1,1,1,1
familia,2321,1,1,1,1,1,1
18-2-beyond-youthful-days-2024,2324,1,1,1,1,1,1
ford-v-ferrari-2019,2325,1,1,1,1,1,1
chichi-to-musuko-no-chika-aidoru,2327,1,1,1,1,1,1
parade-2009,2337,1,1,1,1,1,1
till-we-meet-again-on-the-lily-hill-2023,2339,1,1,1,1,1,1
police-story-2013-2013,2343,1,1,1,1,1,1
gokuaku-joo,2344,1,1,1,1,1,1
restaurant-in-the-forest-2022,2349,1,1,1,1,1,1
zawazawa-shimokitazawa-2000,2350,1,1,1,1,1,1
don-t-lose-your-head,2351,1,1,1,1,1,1
a-man-called-otto-2023,2352,1,1,1,1,1,1
lumberjack-the-monster-2023,2354,1,1,1,1,1,1
moonage-daydream-2022,2355,1,1,1,1,1,1
jojo-rabbit-2019,2356,1,1,1,1,1,1
ballad-2009,2357,1,1,1,1,1,1
banshaku-no-ryugi,2358,1,1,1,1,1,1
banshaku-no-ryugi-2,2361,1,1,1,1,1,1
kujira-no-hone,2372,1,1,1,1,1,1
buzzy-noise-2024,2374,1,1,1,1,1,1
you-made-my-dawn-2023,2377,1,1,1,1,1,1
immortal-lovers-2024,2378,1,1,1,1,1,1
a-girl-named-ann-2024,2379,1,1,1,1,1,1
bl-metamorphosis-2022,2407,1,1,1,1,1,1
red-one-2024,2409,1,1,1,1,1,1
runaway-wrestler-2024,2414,1,1,1,1,1,1
analog-2023,2430,1,1,1,1,1,1
manhole-2023,2432,1,1,1,1,1,1
ton-de-saitama-biwako-yori-ai-o-kome-te,2434,1,1,1,1,1,1
ume-kira-nu-baka,2456,1,1,1,1,1,1
drawing-closer-2024,2471,1,1,1,1,1,1
niwatori-phoenix-2023,2472,1,1,1,1,1,1
daichi-to-shiroi-kumo,2474,1,1,1,1,1,1
confession-2024,2477,1,1,1,1,1,1
one-day-you-will-reach-the-sea-2022,2478,1,1,1,1,1,1
six-singing-women,2551,1,1,1,1,1,1
kamaishi-ramen-monogatari,2552,1,1,1,1,1,1
one-last-bloom,2553,1,1,1,1,1,1
cocaine-bear-2023,2557,1,1,1,1,1,1
riverside-mukolitta-2021,2559,1,1,1,1,1,1
hotel-iris-2021,2561,1,1,1,1,1,1
petals-and-memories,2563,1,1,1,1,1,1
potofu-bishoku-ka-to-ryori-jin,2564,1,1,1,1,1,1
perfect-days-2023,2565,1,1,1,1,1,1
ginga-tetsudo-no-chichi-2023,2566,1,1,1,1,1,1
natural-born-killers-1994,2832,1,1,1,1,1,1
bon-appetit-your-majesty,2567,1,1,1,1,1,1
death-days,2568,1,1,1,1,1,1
saotome-kana-ko-no-baai-wa,2572,1,1,1,1,1,1
bloodshot-2020-2,2573,1,1,1,1,1,1
yasuko-songs-of-days-past-2025,2576,1,1,1,1,1,1
whos-your-daddy-2003,2577,1,1,1,1,1,1
teasing-master-takagi-san,2580,1,1,1,1,1,1
a-bad-summer-2025,2584,1,1,1,1,1,1
yamada-kun-to-lv-999-no-koi-o-suru,2586,1,1,1,1,1,1
ghost-killer-2025,2587,1,1,1,1,1,1
kyo-no-sora-ga-ichiban-suki-to-wa-mada-ie-nai-boku-wa,2590,1,1,1,1,1,1
mission-impossible-dead-reckoning-part-one-2023,2592,1,1,1,1,1,1
blue-painful-and-brittle-2020,2594,1,1,1,1,1,1
hitori-de-nomeru-mon,2596,1,1,1,1,1,1
366-nichi-2025,2598,1,1,1,1,1,1
banshaku-no-ryugi-3,2605,1,1,1,1,1,1
banshaku-no-ryugi-4,2608,1,1,1,1,1,1
blackpink-arenatour2018-special-final-in-kyocera-dome-osaka,2625,1,1,1,1,1,1
sensei-s-pious-lie-2024,2633,1,1,1,1,1,1
aideaobuyu-otona-no-koi-ga-kanau-made,2634,1,1,1,1,1,1
become-the-king-2019,2636,1,1,1,1,1,1
gekijo-ban-kodoku-no-gurume,2637,1,1,1,1,1,1
kyrie-2023,2638,1,1,1,1,1,1
futatabi-swing-me-again,2653,1,1,1,1,1,1
kami-no-tsuki,2659,1,1,1,1,1,1
kimatta,2660,1,1,1,1,1,1
yatterman-2009,2684,1,1,1,1,1,1
koi-ni-itaru-yamai,2685,1,1,1,1,1,1
kimi-no-kao-de-wa-nake-nai,2687,1,1,1,1,1,1
aisa-re-naku-te-mo-betsuni,2688,1,1,1,1,1,1
maho-shonen-wild-virgin,2691,1,1,1,1,1,1
rockers-2003,2693,1,1,1,1,1,1
still-dark,2694,1,1,1,1,1,1
night-flower-2024,2696,1,1,1,1,1,1
choi-aku-3-tsu-hoshi-shefu-tachi-bakusho-tabi,2700,1,1,1,1,1,1
choi-aku-3-tsu-hoshi-shefu-tachi-bakusho-tabi-2,2706,1,1,1,1,1,1
shunga-sensei-2023,2714,1,1,1,1,1,1
tandem-road,2715,1,1,1,1,1,1
final-hacking-game-2020,2717,1,1,1,1,1,1
senior-and-her-2015,2718,1,1,1,1,1,1
mo-2019,2720,1,1,1,1,1,1
first-love-glass-2020,2721,1,1,1,1,1,1
tap-the-last-show-2017,2722,1,1,1,1,1,1
after-school-2008,2723,1,1,1,1,1,1
sadaos-passion-2015,2724,1,1,1,1,1,1
the-devils-path-2013,2725,1,1,1,1,1,1
bridget-joness-baby-2016,2726,1,1,1,1,1,1
looking-for-a-true-fiancee-2011,2727,1,1,1,1,1,1
the-crows-thumb-2012,2728,1,1,1,1,1,1
the-ballad-of-lefty-brown-2017,2729,1,1,1,1,1,1
the-witchs-perfume-2023,2730,1,1,1,1,1,1
kokuho-2025,2979,1,1,1,1,1,1